service,status,source,demo_appointments
checkup,accepted,cal.com,2
checkup,cancelled,demo,1
checkup,completed,demo,2
checkup,no_show,demo,1
checkup,upcoming,demo,1
cleaning,cancelled,demo,1
cleaning,completed,demo,2
cleaning,no_show,demo,1
cleaning,upcoming,demo,1
extraction,completed,demo,2
extraction,no_show,demo,1
extraction,upcoming,demo,2
filling,cancelled,demo,1
filling,completed,demo,1
filling,no_show,demo,1
filling,upcoming,demo,2
followup,cancelled,demo,1
followup,completed,demo,2
followup,upcoming,demo,1
